Country,Continent,Population,TotalCases,TotalDeaths,TotalRecovered,ActiveCases,Serious_Critical,Cases_per_1M,Deaths_per_1M,TotalTests,Tests_per_1M,WHO Region,iso_alpha,Mortality_Rate,Recovery_Rate,Active_Case_Rate,Calculated_Cases_per_1M,Calculated_Deaths_per_1M,Calculated_Tests_per_1M,Case_Burden_Score,Death_Burden_Score,Active_Burden_Score,COVID_Impact_Score,Impact_Category
USA,North America,331198130.0,5032179,162804.0,2576668.0,2292707.0,18296.0,15194.0,492.0,63139605.0,190640.0,Americas,USA,3.2352585231964124,51.203822439543586,45.56091903726,15193.862960518527,491.56074643295847,190639.98036462342,96.15384615384616,95.18716577540107,80.97560975609757,90.77,Critical
Brazil,South America,212710692.0,2917562,98644.0,2047660.0,771258.0,8318.0,13716.0,464.0,13206188.0,62085.0,Americas,BRA,3.3810421166713853,70.18394124957756,26.435016633751058,13716.104125127853,463.7472572370739,62085.210084314895,94.71153846153845,94.11764705882352,58.048780487804876,82.29,Critical
India,Asia,1381344997.0,2025409,41638.0,1377384.0,606387.0,8944.0,1466.0,30.0,22149351.0,16035.0,South-EastAsia,IND,2.0557823135969078,68.005227586132,29.938990100271106,1466.2586134519443,30.143085246936323,16034.626431560457,56.25,51.87165775401069,66.82926829268293,58.32,High
Russia,Europe,145940924.0,871894,14606.0,676357.0,180931.0,2300.0,5974.0,100.0,29716907.0,203623.0,Europe,RUS,1.675203637139377,77.5733059293905,20.751490433470124,5974.294091765514,100.08159191865882,203622.85084614102,85.57692307692307,75.40106951871658,50.73170731707317,70.57,High
South Africa,Africa,59381566.0,538184,9604.0,387316.0,141264.0,539.0,9063.0,162.0,3149807.0,53044.0,Africa,ZAF,1.784519792487328,71.96720824104767,26.248271966465005,9063.149328193871,161.7336935843019,53043.51522154199,91.82692307692307,82.88770053475936,57.073170731707314,77.26,Critical
Mexico,North America,129066160.0,462690,50517.0,308848.0,103325.0,3987.0,3585.0,391.0,1056915.0,8189.0,Americas,MEX,10.918109317253451,66.75052410901468,22.331366573731874,3584.9056019021564,391.4039125360203,8188.939687986379,73.5576923076923,93.58288770053476,53.170731707317074,73.44,High
Peru,South America,33016319.0,455409,20424.0,310337.0,124648.0,1426.0,13793.0,619.0,2493429.0,75521.0,Americas,PER,4.484759853230832,68.14467873933103,27.37056140743815,13793.451656436928,618.6031822626865,75521.1082131839,95.1923076923077,97.86096256684492,60.97560975609756,84.68,Critical
Chile,South America,19132514.0,366671,9889.0,340168.0,16614.0,1358.0,19165.0,517.0,1760615.0,92022.0,Americas,CHL,2.69696812674032,92.77199451279212,4.5310373604675585,19164.81022828469,516.8688234071069,92022.14617483097,98.07692307692307,95.72192513368985,15.121951219512194,69.64,High
Colombia,South America,50936262.0,357710,11939.0,192355.0,153416.0,1493.0,7023.0,234.0,1801835.0,35374.0,Americas,COL,3.3376198596628557,53.774006877079195,42.88837326325795,7022.698289089215,234.3909727808452,35374.30760034963,87.5,87.16577540106952,76.58536585365854,83.75,Critical
Spain,Europe,46756648.0,354530,28500.0,,,617.0,7582.0,610.0,7064329.0,151087.0,Europe,ESP,8.038811948213127,,,7582.451162880623,609.5389900490728,151087.15663278513,89.42307692307693,97.32620320855615,,,Insufficient Data
Iran,Asia,84097623.0,320117,17976.0,277463.0,24678.0,4156.0,3806.0,214.0,2612763.0,31068.0,EasternMediterranean,IRN,5.615446852244648,86.67549677149292,7.709056376262429,3806.492842253104,213.75158249121975,31068.21461529299,75.0,85.56149732620321,25.853658536585368,62.14,High
UK,Europe,67922029.0,308134,46413.0,,,73.0,4537.0,683.0,17515234.0,257873.0,Europe,UKR,15.06260263391901,,,4536.584147096078,683.3276432304459,257872.65571822066,78.36538461538461,98.93048128342245,,,Insufficient Data
Saudi Arabia,Asia,34865919.0,284226,3055.0,247089.0,34082.0,1915.0,8152.0,88.0,3635705.0,104277.0,EasternMediterranean,SAU,1.0748488878568463,86.93398914947964,11.991161962663515,8151.972130721694,87.62138178546219,104276.75805705853,90.38461538461539,72.72727272727273,36.58536585365854,66.57,High
Pakistan,Asia,221295851.0,281863,6035.0,256058.0,19770.0,809.0,1274.0,27.0,2058872.0,9304.0,EasternMediterranean,PAK,2.1411111071690856,90.84484306205496,7.014045830775944,1273.693106880707,27.271184582669832,9303.708093469859,52.88461538461539,48.663101604278076,24.878048780487806,42.14,Moderate
Bangladesh,Asia,164851401.0,249651,3306.0,143824.0,102521.0,,1514.0,20.0,1225124.0,7432.0,South-EastAsia,BGD,1.3242486511169593,57.61002359293573,41.0657277559473,1514.4002324857402,20.05442465120451,7431.686916631057,56.730769230769226,44.919786096256686,74.14634146341463,58.6,High
Italy,Europe,60452568.0,249204,35187.0,201323.0,12694.0,42.0,4122.0,582.0,7099713.0,117443.0,Europe,ITA,14.119757307266337,80.78642397393301,5.093818718800661,4122.306268279621,582.0596405433099,117442.70317846547,76.92307692307693,96.79144385026738,19.024390243902438,64.25,High
Turkey,Asia,84428331.0,237265,5798.0,220546.0,10921.0,580.0,2810.0,69.0,5081802.0,60191.0,Europe,TUR,2.443681116051672,92.95344867553158,4.602870208416749,2810.2533496723986,68.67363041915397,60190.71962940971,65.38461538461539,70.05347593582889,16.097560975609756,50.51,High
Argentina,South America,45236884.0,228195,4251.0,99852.0,124092.0,1150.0,5044.0,94.0,794544.0,17564.0,Americas,ARG,1.8628804312101492,43.75731282455794,54.37980674423191,5044.445590018976,93.97198975950687,17564.074483998498,79.8076923076923,73.79679144385027,87.3170731707317,80.31,Critical
Germany,Europe,83811260.0,215210,9252.0,196200.0,9758.0,236.0,2568.0,110.0,8586648.0,102452.0,Europe,DEU,4.299056735281818,91.16676734352492,4.534175921193253,2567.79339673452,110.39089497043715,102452.20033680438,63.942307692307686,77.54010695187165,15.609756097560975,52.36,High
France,Europe,65288306.0,195633,30312.0,82460.0,82861.0,384.0,2996.0,464.0,3992206.0,61147.0,Europe,FRA,15.494318443207433,42.150352956811986,42.355328599980574,2996.4477865301023,464.2791620294146,61147.33624732123,66.34615384615384,94.6524064171123,76.09756097560975,79.03,Critical
Iraq,Asia,40306025.0,140603,5161.0,101025.0,34417.0,517.0,3488.0,128.0,1092741.0,27111.0,EasternMediterranean,IRQ,3.6706186923465363,71.85124072743825,24.478140580215214,3488.3866617956,128.04537286919262,27111.108078754976,72.11538461538461,79.67914438502673,55.60975609756098,69.13,High
Philippines,Asia,109722719.0,119460,2150.0,66837.0,50473.0,239.0,1089.0,20.0,1669996.0,15220.0,WesternPacific,PHL,1.7997656119203083,55.94927172275238,42.25096266532731,1088.7444376948042,19.59484799132621,15220.147798196653,51.92307692307693,44.38502673796791,75.1219512195122,57.14,High
Indonesia,Asia,273808365.0,118753,5521.0,75645.0,37587.0,,434.0,20.0,1633156.0,5965.0,South-EastAsia,IDN,4.649145705792695,63.69944338248297,31.651410911724337,433.70844422521566,20.163737510356924,5964.5949823337205,31.73076923076923,45.98930481283423,68.78048780487805,48.83,Moderate
Canada,North America,37775022.0,118561,8966.0,103106.0,6489.0,2263.0,3139.0,237.0,4319172.0,114339.0,Americas,CAN,7.562351869501775,86.96451615624025,5.473131974257977,3138.60836401366,237.35260829232607,114339.36424974153,68.75,87.70053475935828,19.51219512195122,58.65,High
Qatar,Asia,2807805.0,112092,178.0,108831.0,3083.0,77.0,39922.0,63.0,511000.0,181993.0,EasternMediterranean,QAT,0.15879813010741178,97.09078257145916,2.75041929843343,39921.57575045276,63.39471580113291,181992.6953616793,100.0,68.44919786096256,8.292682926829269,58.91,High
Kazakhstan,Asia,18798667.0,95942,1058.0,68871.0,26013.0,221.0,5104.0,56.0,2163713.0,115099.0,Europe,KAZ,1.1027495778699632,71.78399449667508,27.11325592545496,5103.659743533943,56.2805862777398,115099.2780498745,80.28846153846155,63.63636363636363,60.0,67.97,High
Egypt,Africa,102516525.0,95006,4951.0,48898.0,41157.0,41.0,927.0,48.0,135000.0,1317.0,EasternMediterranean,EGY,5.211249815801107,51.46832831610635,43.32042186809254,926.738396565822,48.29465298399454,1316.8608670650904,48.07692307692308,61.49732620320856,77.07317073170732,62.22,High
Ecuador,South America,17668824.0,90537,5877.0,71318.0,13342.0,378.0,5124.0,333.0,258582.0,14635.0,Americas,ECU,6.4912687630471515,78.7722146746634,14.73651656228945,5124.110127533106,332.61976009269205,14634.929862904288,81.25,90.9090909090909,40.487804878048784,70.88,High
Bolivia,South America,11688459.0,86423,3465.0,27373.0,55585.0,71.0,7394.0,296.0,183583.0,15706.0,Americas,BOL,4.00934936301679,31.673281418141002,64.3173692188422,7393.874590311691,296.446263788922,15706.347603221264,88.9423076923077,90.37433155080214,94.14634146341463,91.15,Critical
Sweden,Europe,10105596.0,81967,5766.0,,,38.0,8111.0,571.0,863315.0,85429.0,Europe,SWE,7.034538289799554,,,8111.0505506058225,570.5749566873641,85429.39971081368,89.90384615384616,96.2566844919786,,,Insufficient Data
Oman,Asia,5118446.0,80713,492.0,70910.0,9311.0,177.0,15769.0,96.0,309212.0,60411.0,EasternMediterranean,OMN,0.6095672320444043,87.85449679729412,11.535935970661479,15769.043963734304,96.12292480960042,60411.304524849926,96.63461538461539,74.8663101604278,35.12195121951219,68.87,High
Israel,Asia,9197590.0,79559,576.0,53427.0,25556.0,358.0,8650.0,63.0,1872453.0,203581.0,Europe,ISR,0.7239910003896479,67.1539360726002,32.122072927010144,8649.983310845557,62.62510070572835,203580.829325943,91.34615384615384,67.37967914438502,69.7560975609756,76.16,Critical
Ukraine,Europe,43705858.0,76808,1819.0,42524.0,32465.0,158.0,1757.0,42.0,1116641.0,25549.0,Europe,UKR,2.3682428913654827,55.36402458077284,42.26773252786168,1757.3845592963762,41.61913489949105,25549.000776966786,58.65384615384615,58.288770053475936,75.60975609756098,64.18,High
Dominican Republic,North America,10858648.0,76536,1246.0,40539.0,34751.0,317.0,7048.0,115.0,281926.0,25963.0,Americas,DOM,1.6279920560259225,52.96723110693007,45.404776837044004,7048.39129143886,114.74725030224758,25963.269092063765,87.98076923076923,78.07486631016043,80.0,82.02,Critical
Panama,North America,4321282.0,71418,1574.0,45658.0,24186.0,161.0,16527.0,364.0,240995.0,55769.0,Americas,PAN,2.203926181074799,63.930661737937214,33.86541208098799,16527.03989232825,364.2437591436986,55769.32956469863,97.59615384615384,92.51336898395722,70.73170731707317,86.95,Critical
Belgium,Europe,11594739.0,71158,9859.0,17661.0,43638.0,61.0,6137.0,850.0,1767120.0,152407.0,Europe,BEL,13.855083054610867,24.819415947609542,61.32550099777959,6137.093728457364,850.2994332170823,152407.05288838327,86.0576923076923,99.46524064171123,91.21951219512195,92.25,Critical
Kuwait,Asia,4276658.0,70045,469.0,61610.0,7966.0,127.0,16378.0,110.0,522200.0,122105.0,EasternMediterranean,KWT,0.6695695624241559,87.95774145192377,11.372688985652081,16378.443167538764,109.66507024877836,122104.69015759502,97.11538461538461,77.00534759358288,34.146341463414636,69.42,High
Belarus,Europe,9449001.0,68503,580.0,63756.0,4167.0,,7250.0,61.0,1344303.0,142269.0,Europe,BLR,0.8466782476679853,93.07037647986219,6.082945272469819,7249.761112312296,61.382150345840785,142269.3256144221,88.46153846153845,66.31016042780749,20.975609756097562,58.58,High
UAE,Asia,9902079.0,61845,354.0,55739.0,5752.0,,6246.0,36.0,5262658.0,531470.0,EasternMediterranean, ,0.57239873878244,90.1269302287978,9.300671032419759,6245.6581087668565,35.75006824324468,531470.0074600496,86.53846153846155,55.61497326203209,27.80487804878049,56.65,High
Romania,Europe,19224023.0,57895,2566.0,28992.0,26337.0,458.0,3012.0,133.0,1319369.0,68631.0,Europe,ROU,4.4321616719924,50.07686328698506,45.490975041022544,3011.5964800916017,133.47882490569222,68631.26412197905,66.82692307692307,80.21390374331551,80.48780487804879,75.84,Critical
Netherlands,Europe,17138756.0,56982,6153.0,,,37.0,3325.0,359.0,1079860.0,63007.0,Europe,NLD,10.798146783194692,,,3324.745389922116,359.0108873712888,63006.90668564277,70.1923076923077,91.97860962566845,,,Insufficient Data
Singapore,Asia,5854932.0,54555,27.0,48031.0,6497.0,,9318.0,5.0,1474372.0,251817.0,WesternPacific,SGP,0.049491339015672264,88.04142608376867,11.909082577215655,9317.785415782795,4.611496768877931,251817.10052311452,92.3076923076923,18.181818181818183,36.09756097560975,48.86,Moderate
Guatemala,North America,17946899.0,54339,2119.0,42070.0,10150.0,5.0,3028.0,118.0,172712.0,9624.0,Americas,GTM,3.8995932939509377,77.42137323101271,18.67903347503635,3027.765409500549,118.07053686544957,9623.50097362224,67.3076923076923,79.14438502673798,47.3170731707317,64.59,High
Portugal,Europe,10193593.0,52061,1743.0,37840.0,12478.0,42.0,5107.0,171.0,1705474.0,167308.0,Europe,PRT,3.3479956205220796,72.68396688500029,23.96803749447763,5107.227647797984,170.98975797836937,167308.42598875586,80.76923076923077,83.42245989304813,54.63414634146342,72.94,High
Poland,Europe,37842302.0,49515,1774.0,35642.0,12099.0,72.0,1308.0,47.0,2374686.0,62752.0,Europe,POL,3.582752701201656,71.98222760779561,24.435019691002726,1308.4563407374108,46.87875489181393,62752.154982537795,53.84615384615385,58.82352941176471,55.1219512195122,55.93,High
Nigeria,Africa,206606300.0,45244,930.0,32430.0,11884.0,7.0,219.0,5.0,306894.0,1485.0,Africa,NGA,2.055521174078331,71.67801255415083,26.266466271770845,218.98654590881304,4.5013148195384165,1485.4048497069061,20.192307692307693,17.647058823529413,57.56097560975609,31.8,Moderate
Honduras,North America,9919704.0,45098,1423.0,6116.0,37559.0,52.0,4546.0,143.0,109292.0,11018.0,Americas,HND,3.155350569870061,13.561577010066966,83.28307242006298,4546.305010714029,143.45186106359625,11017.66746265816,78.84615384615384,81.28342245989305,98.04878048780488,86.06,Critical
Bahrain,Asia,1706669.0,42889,156.0,39945.0,2788.0,41.0,25130.0,91.0,876700.0,513691.0,EasternMediterranean,BHR,0.36372962764345174,93.13576907831845,6.500501294038099,25130.23907975126,91.40612503068844,513690.7039384907,99.03846153846155,73.2620320855615,22.926829268292686,65.08,High
Japan,Asia,126435859.0,42263,1026.0,28877.0,12360.0,115.0,334.0,8.0,938739.0,7425.0,WesternPacific,JPN,2.427655395972837,68.3269053309041,29.245439273123065,334.26434821785807,8.114786486324263,7424.626268406972,28.846153846153843,31.550802139037433,64.8780487804878,41.76,Moderate
Armenia,Asia,2963811.0,39819,772.0,31556.0,7491.0,,13435.0,260.0,171600.0,57898.0,Europe,ARM,1.938772947587835,79.24859991461362,18.812627137798536,13435.06721582449,260.4754486706474,57898.42874596254,94.23076923076923,88.77005347593582,47.80487804878049,76.94,Critical
Ghana,Africa,31133483.0,39642,199.0,36384.0,3059.0,7.0,1273.0,6.0,405817.0,13035.0,Africa,GHA,0.5019928358811362,91.78144392311185,7.716563241007012,1273.2915234700852,6.391832227701604,13034.744618840108,52.40384615384615,26.203208556149733,26.34146341463415,34.98,Moderate
Kyrgyzstan,Asia,6534479.0,38659,1447.0,30099.0,7113.0,24.0,5916.0,221.0,267718.0,40970.0,Europe,KGZ,3.7429835225949977,77.85767867766886,18.399337799736156,5916.156437261487,221.44076061764068,40970.060505206304,85.09615384615384,86.09625668449198,46.34146341463415,72.51,High
Afghanistan,Asia,39009447.0,36896,1298.0,25840.0,9758.0,31.0,946.0,33.0,90396.0,2317.0,EasternMediterranean,AFG,3.5179965307892456,70.03469210754554,26.44731136166522,945.8221748183204,33.2739912975439,2317.284836157765,49.03846153846153,52.94117647058824,58.536585365853654,53.51,High
Switzerland,Europe,8660952.0,36108,1985.0,31600.0,2523.0,23.0,4169.0,229.0,822764.0,94997.0,Europe,CHE,5.497396698792512,87.51523208153318,6.98737121967431,4169.056704159081,229.1895856252292,94996.94721781163,77.88461538461539,86.63101604278076,24.390243902439025,62.97,High
Algeria,Africa,43926079.0,33626,1273.0,23238.0,9115.0,57.0,766.0,29.0,,,Africa,DZA,3.78576101825968,69.10723844644025,27.107000535300063,765.5133525576002,28.980506090698423,,43.75,50.26737967914438,59.512195121951216,51.18,High
Azerbaijan,Asia,10148243.0,33247,479.0,29275.0,3493.0,66.0,3276.0,47.0,766179.0,75499.0,Europe,AZE,1.4407314945709386,88.05305741871447,10.506211086714591,3276.1336124883883,47.20028875934485,75498.68484623397,69.71153846153845,59.893048128342244,31.21951219512195,53.61,High
Morocco,Africa,36953359.0,29644,449.0,20553.0,8642.0,31.0,802.0,12.0,1383816.0,37448.0,EasternMediterranean,MAR,1.514640399406288,69.3327486169208,29.152610983672915,802.2004170175708,12.15045160035384,37447.637710011695,46.15384615384615,36.36363636363637,64.39024390243902,48.97,Moderate
Uzbekistan,Asia,33516027.0,28315,175.0,19291.0,8849.0,228.0,845.0,5.0,1377915.0,41112.0,Europe,UZB,0.6180469715698393,68.12996644887869,31.25198657955147,844.8197037196562,5.221382594064625,41112.12226914604,47.11538461538461,20.32085561497326,67.8048780487805,45.08,Moderate
Serbia,Europe,8733665.0,27332,621.0,14047.0,12664.0,120.0,3129.0,71.0,723137.0,82799.0,Europe,SRB,2.2720620518074055,51.393970437582325,46.33396751061027,3129.4994712987045,71.10416989889124,82798.80210656123,68.26923076923077,70.58823529411765,82.4390243902439,73.77,High
Moldova,Europe,4032983.0,26628,828.0,18676.0,7124.0,362.0,6603.0,205.0,128076.0,31757.0,Europe,MDA,3.1095087877422265,70.13669821240799,26.753792999849786,6602.556965898442,205.3070890702986,31757.138574598506,87.01923076923077,85.02673796791443,59.02439024390244,77.02,Critical
Ireland,Europe,4943200.0,26372,1768.0,23364.0,1240.0,5.0,5335.0,358.0,652917.0,132084.0,Europe,IRL,6.704080084938571,88.59396329440315,4.701956620658274,5335.005664346982,357.6630522738307,132083.87279495064,81.73076923076923,91.44385026737967,17.073170731707318,63.42,High
Kenya,Africa,53881160.0,24411,399.0,10444.0,13568.0,44.0,453.0,7.0,335318.0,6223.0,Africa,KEN,1.6345090328130762,42.783990823808935,55.58150014337798,453.0526068852267,7.405185782934146,6223.288436997273,32.69230769230769,29.411764705882355,88.78048780487805,50.29,High
Venezuela,South America,28427499.0,22299,195.0,12146.0,9958.0,42.0,784.0,7.0,1567431.0,55138.0,Americas,VEN,0.8744786761738195,54.4688102605498,44.656711063276376,784.4165257028063,6.859555249654568,55137.843818058005,44.71153846153847,28.342245989304814,79.51219512195122,50.86,High
Nepal,Asia,29186486.0,21750,65.0,15389.0,6296.0,,745.0,2.0,731977.0,25079.0,South-EastAsia,NPL,0.2988505747126437,70.75402298850575,28.947126436781613,745.207902040691,2.2270580980526398,25079.312391358108,42.78846153846153,9.090909090909092,63.41463414634146,38.43,Moderate
Austria,Europe,9011577.0,21696,719.0,19596.0,1381.0,25.0,2408.0,80.0,937275.0,104008.0,Europe,AUT,3.313974926253687,90.320796460177,6.365228613569321,2407.569729471323,79.78625716675339,104007.8778664378,61.53846153846154,72.19251336898395,21.951219512195124,51.89,High
Costa Rica,North America,5098730.0,21070,200.0,7038.0,13832.0,103.0,4132.0,39.0,96110.0,18850.0,Americas,CRI,0.9492168960607499,33.40294257237779,65.64784053156146,4132.401598045003,39.225454181727606,18849.792007029202,77.40384615384616,57.21925133689839,95.1219512195122,76.58,Critical
Ethiopia,Africa,115223736.0,20900,365.0,9027.0,11508.0,185.0,181.0,3.0,468814.0,4069.0,Africa,ETH,1.7464114832535886,43.19138755980861,55.0622009569378,181.3862379883256,3.167750089269801,4068.7276447970753,17.307692307692307,12.834224598930483,87.8048780487805,39.32,Moderate
Australia,Australia/Oceania,25528864.0,19890,255.0,10941.0,8694.0,52.0,779.0,10.0,4631419.0,181419.0,WesternPacific,AUS,1.282051282051282,55.00754147812972,43.710407239819006,779.1180994187599,9.988693582291795,181418.92251844812,44.230769230769226,33.155080213903744,78.04878048780488,51.81,High
El Salvador,North America,6489514.0,19126,513.0,9236.0,9377.0,509.0,2947.0,79.0,251271.0,38720.0,Americas,SLV,2.6822126947610583,48.290285475269265,49.02750182996968,2947.216078122337,79.05060378943631,38719.540477145136,65.86538461538461,71.65775401069519,83.90243902439025,73.81,High
Czechia,Europe,10711019.0,17731,390.0,12320.0,5021.0,17.0,1655.0,36.0,728670.0,68030.0,Europe,CZE,2.199537533134059,69.48282668772207,28.317635779143874,1655.398053163756,36.41110150210732,68029.94187574497,57.692307692307686,56.14973262032086,62.926829268292686,58.92,High
Cameroon,Africa,26606188.0,17718,391.0,15320.0,2007.0,30.0,666.0,15.0,149000.0,5600.0,Africa,CMR,2.2067953493622303,86.46574105429507,11.327463596342701,665.9353079817372,14.695829406302023,5600.200975803073,39.90384615384615,38.50267379679144,33.65853658536586,37.36,Moderate
Ivory Coast,Africa,26437950.0,16447,103.0,12484.0,3860.0,,622.0,4.0,104584.0,3956.0,Africa, ,0.6262540280902292,75.9044202590138,23.46932571289597,622.0981581400979,3.895914774027487,3955.8286478338905,37.980769230769226,14.43850267379679,54.146341463414636,35.52,Moderate
S. Korea,Asia,51273732.0,14519,303.0,13543.0,673.0,18.0,283.0,6.0,1613652.0,31471.0,WesternPacific, ,2.086920586817274,93.27777395137406,4.635305461808664,283.166436958402,5.909458667841849,31471.319466271732,25.48076923076923,24.06417112299465,16.585365853658537,22.04,Low
Denmark,Europe,5794279.0,14306,617.0,12787.0,902.0,2.0,2469.0,106.0,1654512.0,285542.0,Europe,DNK,4.312875716482595,89.38207745002097,6.3050468334964345,2468.9870819130388,106.48434429891968,285542.3427142532,62.5,76.47058823529412,21.463414634146343,53.48,High
Palestine,Asia,5112340.0,13398,92.0,6907.0,6399.0,,2621.0,18.0,200280.0,39176.0,EasternMediterranean,PSE,0.6866696521868936,51.55247051798776,47.76085982982535,2620.7177143930176,17.995673214222844,39175.7981667886,64.90384615384616,43.31550802139038,82.92682926829268,63.72,High
Bosnia and Herzegovina,Europe,3278650.0,13396,384.0,7042.0,5970.0,,4086.0,117.0,147021.0,44842.0,Europe,BIH,2.866527321588534,52.567930725589726,44.56554195282173,4085.8280084791,117.12137617617007,44841.931892699744,76.4423076923077,78.6096256684492,79.02439024390245,78.03,Critical
Bulgaria,Europe,6942854.0,13014,435.0,7374.0,5205.0,47.0,1874.0,63.0,294087.0,42358.0,Europe,BGR,3.342554172429691,56.662056247118485,39.99538958045182,1874.4452929587746,62.65434934970547,42358.22905105019,59.13461538461539,67.9144385026738,72.6829268292683,66.58,High
Madagascar,Africa,27755708.0,12526,134.0,10148.0,2244.0,88.0,451.0,5.0,46301.0,1668.0,Africa,MDG,1.06977486827399,81.01548778540636,17.914737346319658,451.29455894261463,4.82783577345604,1668.161374229762,32.21153846153847,19.25133689839572,45.85365853658537,32.44,Moderate
Sudan,Africa,43943536.0,11780,763.0,6194.0,4823.0,,268.0,17.0,401.0,9.0,EasternMediterranean,SDN,6.4770797962648565,52.58064516129032,40.94227504244482,268.0712812915192,17.363190800121316,9.12534667214764,24.03846153846154,42.780748663101605,73.65853658536585,46.83,Moderate
North Macedonia,Europe,2083365.0,11399,517.0,7480.0,3402.0,3.0,5471.0,248.0,109946.0,52773.0,Europe,MKD,4.535485568909554,65.61979120975523,29.844723221335208,5471.436834160121,248.156228025334,52773.27784617674,83.17307692307693,88.23529411764706,66.34146341463415,79.25,Critical
Senegal,Africa,16783877.0,10715,223.0,7101.0,3391.0,33.0,638.0,13.0,114761.0,6838.0,Africa,SEN,2.0811945870275315,66.27158189454036,31.647223518432106,638.4103029353706,13.286560667717,6837.5739407527835,38.46153846153847,37.4331550802139,68.29268292682927,48.06,Moderate
Norway,Europe,5425471.0,9468,256.0,8857.0,355.0,3.0,1745.0,47.0,472841.0,87152.0,Europe,NOR,2.703844528939586,93.54668356569498,3.7494719053654415,1745.101945987731,47.18484349100751,87152.06477004485,58.17307692307693,59.35828877005348,12.195121951219512,43.24,Moderate
DRC,Africa,89802183.0,9309,215.0,8048.0,1046.0,,104.0,2.0,,,Africa, ,2.309592867117843,86.45396927704371,11.236437855838435,103.66117714532619,2.394151153318845,,12.01923076923077,9.62566844919786,32.6829268292683,18.11,Low
Malaysia,Asia,32406372.0,9038,125.0,8713.0,200.0,2.0,279.0,4.0,991333.0,30591.0,WesternPacific,MYS,1.3830493472007082,96.40407169727816,2.2128789555211332,278.89576778295327,3.8572660956925384,30590.681363529373,25.0,13.903743315508022,6.829268292682928,15.24,Low
French Guiana,South America,299385.0,8127,47.0,7240.0,840.0,23.0,27146.0,157.0,41412.0,138324.0,,GUF,0.5783191829703458,89.08576350436816,10.335917312661499,27145.648579588156,156.98849307747548,138323.5633047748,99.51923076923077,82.35294117647058,30.24390243902439,70.71,High
Gabon,Africa,2230563.0,7787,51.0,5609.0,2127.0,11.0,3491.0,23.0,85369.0,38272.0,Africa,GAB,0.6549377167073328,72.03030692179273,27.314755361499937,3491.0468791959697,22.86418271978868,38272.40028638509,72.59615384615384,47.05882352941176,60.48780487804878,60.05,High
Tajikistan,Asia,9557468.0,7665,62.0,6443.0,1160.0,,802.0,6.0,,,Europe,TJK,0.8088714938030006,84.05740378343118,15.133724722765818,801.9906527544744,6.487073773095552,,45.67307692307692,26.737967914438503,40.97560975609756,37.8,Moderate
Guinea,Africa,13164905.0,7664,49.0,6757.0,858.0,24.0,582.0,4.0,14407.0,1094.0,Africa,GIN,0.6393528183716075,88.16544885177453,11.195198329853861,582.1538400770837,3.7220169837913755,1094.3489527649458,37.019230769230774,13.368983957219251,32.19512195121951,27.53,Moderate
Haiti,North America,11416103.0,7544,171.0,4832.0,2541.0,,661.0,15.0,18443.0,1616.0,Americas,HTI,2.2667020148462353,64.050901378579,33.68239660657476,660.8209473933443,14.978841729090917,1615.525017600139,39.42307692307692,39.037433155080215,70.24390243902438,49.57,Moderate
Finland,Europe,5541604.0,7532,331.0,6980.0,221.0,,1359.0,60.0,389500.0,70287.0,Europe,FIN,4.394583112055231,92.6712692511949,2.9341476367498673,1359.1732646360151,59.72999875126408,70286.50910458415,54.807692307692314,65.24064171122996,9.268292682926829,43.11,Moderate
Zambia,Africa,18430129.0,7164,199.0,5786.0,1179.0,,389.0,11.0,90307.0,4900.0,Africa,ZMB,2.7777777777777777,80.76493579006141,16.457286432160803,388.711332405758,10.797537011271055,4899.965702898769,31.25,35.82887700534759,43.41463414634146,36.83,Moderate
Luxembourg,Europe,626952.0,7073,119.0,5750.0,1204.0,9.0,11282.0,190.0,623994.0,995282.0,Europe,LUX,1.6824544040718223,81.29506574296622,17.02247985296197,11281.565414896197,189.8071941711646,995281.9354591739,93.26923076923077,83.9572192513369,44.87804878048781,74.03,High
Mauritania,Africa,4660728.0,6444,157.0,5291.0,996.0,3.0,1383.0,34.0,57387.0,12313.0,Africa,MRT,2.436374922408442,82.10738671632527,15.456238361266294,1382.616621266034,33.68572463357656,12312.88330921693,55.769230769230774,53.475935828877006,42.926829268292686,50.72,High
Paraguay,South America,7141091.0,6375,66.0,4974.0,1335.0,23.0,893.0,9.0,135277.0,18943.0,Americas,PRY,1.035294117647059,78.0235294117647,20.941176470588236,892.7207341287207,9.242285247450285,18943.46396089897,47.59615384615385,32.62032085561498,51.21951219512195,43.81,Moderate
Albania,Europe,2877470.0,6016,188.0,3155.0,2673.0,23.0,2091.0,65.0,38997.0,13553.0,Europe,ALB,3.125,52.44348404255319,44.43151595744681,2090.7255331940905,65.33517291231533,13552.530521604049,60.09615384615385,68.98395721925134,78.53658536585367,69.21,High
Lebanon,Asia,6822220.0,5672,70.0,1974.0,3628.0,46.0,831.0,10.0,345268.0,50609.0,EasternMediterranean,LBN,1.2341325811001411,34.80253878702398,63.96332863187588,831.4009222804307,10.260589661429858,50609.33244603663,46.63461538461539,33.68983957219251,93.17073170731707,57.83,High
Croatia,Europe,4102577.0,5404,155.0,4688.0,561.0,7.0,1317.0,38.0,125317.0,30546.0,Europe,HRV,2.868245743893412,86.75055514433753,10.38119911176906,1317.2208589869247,37.78113122556871,30545.922721255443,54.32692307692307,56.68449197860963,30.73170731707317,47.25,Moderate
Djibouti,Africa,989387.0,5330,59.0,5057.0,214.0,,5387.0,60.0,59909.0,60552.0,EasternMediterranean,DJI,1.1069418386491556,94.8780487804878,4.01500938086304,5387.174078495068,59.63288379572402,60551.634496915765,82.21153846153845,64.70588235294117,13.658536585365855,53.53,High
Greece,Europe,10417673.0,5123,210.0,1374.0,3539.0,14.0,492.0,20.0,619393.0,59456.0,Europe,GRC,4.0991606480577785,26.820222525863752,69.08061682607847,491.7604920023886,20.158052570857237,59455.98407629036,35.09615384615385,45.45454545454545,96.58536585365853,59.05,High
Libya,Africa,6880353.0,4879,107.0,652.0,4120.0,,709.0,16.0,59699.0,8677.0,EasternMediterranean,LBY,2.193072350891576,13.363394138143061,84.44353351096537,709.1205930858489,15.551527661444114,8676.735045425721,41.82692307692308,40.64171122994652,99.02439024390245,60.5,High
Equatorial Guinea,Africa,1407001.0,4821,83.0,2182.0,2556.0,,3426.0,59.0,44356.0,31525.0,Africa,GNQ,1.7216345156606514,45.2603194358017,53.01804604853765,3426.436797130919,58.99071855670323,31525.208581941308,71.15384615384616,64.1711229946524,86.34146341463415,73.89,High
Maldives,Asia,541448.0,4680,19.0,2725.0,1936.0,12.0,8643.0,35.0,85587.0,158071.0,South-EastAsia,MDV,0.40598290598290604,58.22649572649573,41.36752136752136,8643.489310146126,35.09108907965308,158070.58110843517,90.86538461538461,54.54545454545454,74.63414634146342,73.35,High
CAR,Africa,4837752.0,4620,59.0,1641.0,2920.0,2.0,955.0,12.0,29589.0,6116.0,,NIC,1.277056277056277,35.51948051948052,63.20346320346321,954.9890114251413,12.195747115602453,6116.270532263745,49.519230769230774,36.898395721925134,92.6829268292683,59.7,High
Hungary,Europe,9657785.0,4597,600.0,3463.0,534.0,8.0,476.0,62.0,352546.0,36504.0,Europe,HUN,13.051990428540353,75.33173809005874,11.616271481400913,475.98905960321133,62.126046500310366,36503.815315830696,34.61538461538461,66.84491978609626,35.609756097560975,45.69,Moderate
Malawi,Africa,19174839.0,4491,137.0,2137.0,2217.0,4.0,234.0,7.0,33466.0,1745.0,Africa,MWI,3.050545535515475,47.58405700289468,49.36539746158984,234.2131790519858,7.144779677159219,1745.3080049329228,21.153846153846153,28.87700534759358,84.39024390243902,44.81,Moderate
Zimbabwe,Africa,14883803.0,4339,84.0,1264.0,2991.0,,292.0,6.0,140421.0,9434.0,Africa,ZWE,1.9359299377736807,29.131136206499193,68.93293385572713,291.52495501317776,5.643718880181362,9434.483915166038,25.961538461538463,21.92513368983957,96.09756097560975,47.99,Moderate
Nicaragua,North America,6632263.0,3902,123.0,2913.0,866.0,,588.0,19.0,,,Americas,NIC,3.1522296258329066,74.65402357765248,22.193746796514606,588.3361380572513,18.545706043321864,,37.5,43.85026737967914,52.6829268292683,44.68,Moderate
Hong Kong,Asia,7503041.0,3850,46.0,2458.0,1346.0,39.0,513.0,6.0,692430.0,92287.0,WesternPacific,HKG,1.194805194805195,63.84415584415585,34.96103896103896,513.1252781372247,6.130847479042164,92286.58086767752,36.53846153846153,25.668449197860966,71.21951219512195,44.48,Moderate
Congo,Africa,5530506.0,3546,58.0,1589.0,1899.0,,641.0,10.0,,,Africa,COG,1.6356457980823462,44.81105470953187,53.55329949238579,641.1709886943437,10.487286335102068,,38.94230769230769,34.22459893048128,86.82926829268293,53.33,High
Montenegro,Europe,628074.0,3480,60.0,2178.0,1242.0,,5541.0,96.0,38427.0,61182.0,Europe,MNE,1.7241379310344827,62.58620689655172,35.689655172413794,5540.748383152304,95.53014453710868,61182.28106879126,83.65384615384616,74.33155080213903,71.70731707317073,76.56,Critical
Thailand,Asia,69817894.0,3330,58.0,3148.0,124.0,1.0,48.0,0.8,749213.0,10731.0,South-EastAsia,THA,1.7417417417417418,94.53453453453453,3.7237237237237237,47.69550911976806,0.8307325912752396,10730.959601846484,7.211538461538461,5.88235294117647,11.707317073170733,8.27,Low
Somalia,Africa,15933012.0,3227,93.0,1728.0,1406.0,2.0,203.0,6.0,,,EasternMediterranean,SOM,2.8819336845367216,53.54818717074682,43.56987914471645,202.53546535959427,5.83693779933135,,18.269230769230766,22.994652406417114,77.5609756097561,39.61,Moderate
Mayotte,Africa,273419.0,3042,39.0,2738.0,265.0,2.0,11126.0,143.0,13000.0,47546.0,,FRA,1.282051282051282,90.00657462195923,8.71137409598948,11125.78131000406,142.63822192312895,47546.073974376326,92.78846153846155,80.74866310160428,27.31707317073171,66.95,High
Eswatini,Africa,1161348.0,2968,55.0,1476.0,1437.0,5.0,2556.0,47.0,20784.0,17896.0,Africa,SWZ,1.853099730458221,49.73045822102426,48.416442048517524,2555.6508471190377,47.35875895941613,17896.444476590998,63.46153846153846,60.42780748663101,83.41463414634146,69.1,High
Sri Lanka,Asia,21422362.0,2839,11.0,2541.0,287.0,1.0,133.0,0.5,166737.0,7783.0,South-EastAsia,LKA,0.3874603733709053,89.50334624867912,10.109193377949982,132.52506889763137,0.5134821267608118,7783.315397247045,13.942307692307693,5.347593582887701,29.756097560975608,16.35,Low
Cuba,North America,11325899.0,2775,88.0,2409.0,278.0,4.0,245.0,8.0,285471.0,25205.0,Americas,CUB,3.171171171171171,86.8108108108108,10.018018018018019,245.01366293307046,7.769802644364036,25205.15148510507,22.596153846153847,29.946524064171122,29.268292682926827,27.27,Moderate
Cabo Verde,Africa,556581.0,2734,27.0,2010.0,697.0,,4912.0,49.0,61633.0,110735.0,Africa,CPV,0.9875640087783468,73.51865398683248,25.493782004389175,4912.133184567924,48.510459394050464,110735.0053271671,79.32692307692307,62.03208556149733,56.58536585365853,65.98,High
Namibia,Africa,2545264.0,2652,15.0,563.0,2074.0,24.0,1042.0,6.0,29233.0,11485.0,Africa,NAM,0.5656108597285068,21.229260935143287,78.2051282051282,1041.9351391447017,5.893298298329761,11485.25261033826,50.96153846153846,23.52941176470588,97.5609756097561,57.35,High
Mali,Africa,20302901.0,2552,124.0,1954.0,474.0,,126.0,6.0,25152.0,1239.0,Africa,MLI,4.858934169278997,76.56739811912226,18.573667711598745,125.6963229047908,6.107501583148142,1238.8377404785651,13.461538461538462,25.13368983957219,46.82926829268293,28.47,Moderate
Slovakia,Europe,5459915.0,2480,29.0,1824.0,627.0,2.0,454.0,5.0,272322.0,49877.0,Europe,SVK,1.1693548387096775,73.54838709677419,25.282258064516128,454.21952539554184,5.311437998576901,49876.600643050304,33.17307692307692,20.855614973262032,56.09756097560976,36.71,Moderate
South Sudan,Africa,11206572.0,2450,47.0,1175.0,1228.0,,219.0,4.0,12044.0,1075.0,Africa,SSD,1.9183673469387756,47.95918367346938,50.12244897959184,218.62171590027708,4.193967611148173,1074.7265086950763,19.71153846153846,15.508021390374333,85.36585365853658,40.2,Moderate
Slovenia,Europe,2078968.0,2223,125.0,1909.0,189.0,2.0,1069.0,60.0,135702.0,65274.0,Europe,SVN,5.623031938821413,85.87494376968061,8.502024291497975,1069.2805276464092,60.12598558515571,65273.7319670144,51.442307692307686,65.77540106951871,26.82926829268293,48.02,Moderate
Lithuania,Europe,2718121.0,2171,81.0,1656.0,434.0,6.0,799.0,30.0,540784.0,198955.0,Europe,LTU,3.7309995393827724,76.27821280515892,19.990787655458313,798.713523055081,29.799997866172994,198955.08698840116,45.19230769230769,51.33689839572193,48.78048780487805,48.44,Moderate
Estonia,Europe,1326627.0,2124,63.0,1954.0,107.0,,1601.0,47.0,122880.0,92626.0,Europe,EST,2.9661016949152543,91.99623352165726,5.037664783427495,1601.0528958026634,47.488857078892565,92625.88504530663,57.21153846153846,60.962566844919785,18.536585365853657,45.57,Moderate
Mozambique,Africa,31333962.0,2120,15.0,795.0,1310.0,,68.0,0.5,65151.0,2079.0,Africa,MOZ,0.7075471698113208,37.5,61.79245283018868,67.65821698513581,0.4787137994231307,2079.2455164144258,9.615384615384617,4.81283422459893,92.19512195121952,35.54,Moderate
Rwanda,Africa,12981546.0,2111,5.0,1258.0,848.0,,163.0,0.4,286251.0,22051.0,Africa,RWA,0.23685457129322599,59.59261013737566,40.17053529133112,162.6154542764013,0.38516213708290215,22050.609380423564,16.826923076923077,4.27807486631016,73.17073170731707,31.43,Moderate
Suriname,South America,587154.0,2096,29.0,1446.0,621.0,9.0,3570.0,49.0,2785.0,4743.0,Americas,SUR,1.383587786259542,68.98854961832062,29.627862595419845,3569.7619363914746,49.39079015045456,4743.218985138482,73.07692307692307,62.56684491978609,65.3658536585366,67.0,High
Guinea-Bissau,Africa,1972277.0,2032,27.0,944.0,1061.0,5.0,1030.0,14.0,1500.0,761.0,Africa,GNB,1.328740157480315,46.45669291338583,52.21456692913385,1030.2812434561677,13.689760616789629,760.5422564883127,50.480769230769226,37.967914438502675,85.85365853658537,58.1,High
Benin,Africa,12151976.0,1936,38.0,1600.0,298.0,1.0,159.0,3.0,93677.0,7709.0,Africa,BEN,1.962809917355372,82.64462809917356,15.392561983471072,159.31565368463532,3.127063450421561,7708.787443293173,16.346153846153847,12.299465240641712,42.4390243902439,23.69,Low
Iceland,Europe,341465.0,1930,10.0,1825.0,95.0,,5652.0,29.0,149693.0,438385.0,Europe,ISL,0.5181347150259068,94.55958549222798,4.922279792746114,5652.1166151728585,29.285578316957814,438384.6075000366,84.61538461538461,50.80213903743316,17.560975609756095,50.99,High
Sierra Leone,Africa,7992169.0,1877,67.0,1427.0,383.0,,235.0,8.0,,,Africa,SLE,3.569525839104955,76.02557272242942,20.404901438465636,234.854893583957,8.383206110881789,,21.634615384615387,32.0855614973262,49.75609756097561,34.49,Moderate
Yemen,Asia,29886897.0,1768,508.0,898.0,362.0,,59.0,17.0,120.0,4.0,EasternMediterranean,YEM,28.733031674208142,50.7918552036199,20.475113122171944,59.15635872134869,16.99741528871331,4.015137469774798,9.134615384615383,42.24598930481284,50.24390243902439,33.87,Moderate
Tunisia,Africa,11830801.0,1642,51.0,1241.0,350.0,9.0,139.0,4.0,100298.0,8478.0,EasternMediterranean,TUN,3.1059683313032886,75.57856272838002,21.315468940316688,138.79026449688402,4.310781662205289,8477.701552075805,15.384615384615385,16.577540106951872,52.19512195121951,28.05,Moderate
New Zealand,Australia/Oceania,5002100.0,1569,22.0,1524.0,23.0,,314.0,4.0,486943.0,97348.0,WesternPacific,NZL,1.4021669853409815,97.131931166348,1.4659018483110262,313.66825933108095,4.398152775834149,97347.71396013674,26.923076923076923,17.11229946524064,5.853658536585367,16.63,Low
Angola,Africa,32956300.0,1483,64.0,520.0,899.0,20.0,45.0,2.0,64747.0,1965.0,Africa,AGO,4.315576534052596,35.06405933917735,60.62036412677006,44.998983502395596,1.9419655725915834,1964.6319520091756,6.25,8.55614973262032,90.2439024390244,35.02,Moderate
Uruguay,South America,3474956.0,1318,37.0,1079.0,202.0,2.0,379.0,11.0,126956.0,36535.0,Americas,URY,2.8072837632776935,81.86646433990894,15.326251896813353,379.2853780019085,10.647616833134002,36534.56331533406,30.288461538461537,34.75935828877005,41.46341463414634,35.5,Moderate
Latvia,Europe,1883936.0,1275,32.0,1070.0,173.0,,677.0,17.0,207909.0,110359.0,Europe,LVA,2.5098039215686274,83.92156862745098,13.568627450980392,676.7745825760536,16.985715013673502,110358.84446180762,40.38461538461539,41.711229946524064,39.02439024390244,40.37,Moderate
Jordan,Asia,10213138.0,1232,11.0,1171.0,50.0,3.0,121.0,1.0,628745.0,61562.0,EasternMediterranean,JOR,0.8928571428571428,95.0487012987013,4.058441558441558,120.62893892161253,1.0770440975143976,61562.37191742635,12.5,6.951871657754011,14.146341463414632,11.2,Low
Liberia,Africa,5068618.0,1224,78.0,705.0,441.0,,241.0,15.0,,,Africa,LBR,6.372549019607843,57.59803921568627,36.029411764705884,241.48594350570508,15.38881012536356,,22.115384615384613,40.106951871657756,72.1951219512195,44.81,Moderate
Uganda,Africa,45867852.0,1223,5.0,1102.0,116.0,,27.0,0.1,288367.0,6287.0,Africa,UGA,0.4088307440719542,90.1062959934587,9.484873262469337,26.663555119171484,0.10900881078974442,6286.9087482012455,4.807692307692308,1.6042780748663104,28.292682926829265,11.57,Low
Cyprus,Asia,1208238.0,1208,19.0,856.0,333.0,,1000.0,16.0,216597.0,179267.0,Europe,CYP,1.5728476821192054,70.86092715231787,27.566225165562912,999.8030189416324,15.725378609181305,179266.83319014963,50.0,41.17647058823529,61.46341463414634,50.88,High
Georgia,Asia,3988368.0,1206,17.0,987.0,202.0,,302.0,4.0,240473.0,60294.0,Europe,GEO,1.4096185737976783,81.8407960199005,16.749585406301822,302.37931905982595,4.262395044790249,60293.58374152034,26.442307692307693,16.0427807486631,43.90243902439025,28.8,Moderate
Burkina Faso,Africa,20954852.0,1158,54.0,961.0,143.0,,55.0,3.0,,,Africa,BFA,4.66321243523316,82.98791018998273,12.348877374784111,55.2616644584271,2.5769688089421963,,7.6923076923076925,10.16042780748663,37.5609756097561,18.47,Low
Niger,Africa,24281433.0,1153,69.0,1057.0,27.0,,47.0,3.0,9052.0,373.0,Africa,NGA,5.9843885516045106,91.67389418907199,2.3417172593235036,47.48484160716544,2.841677424886744,372.7951311605044,6.730769230769231,11.76470588235294,7.317073170731707,8.6,Low
Togo,Africa,8296582.0,1012,22.0,697.0,293.0,2.0,122.0,3.0,45767.0,5516.0,Africa,TGO,2.1739130434782608,68.87351778656127,28.952569169960473,121.9779422417569,2.651694396559933,5516.36806578902,12.980769230769232,10.695187165775401,63.90243902439025,29.19,Moderate
Syria,Asia,17539600.0,999,48.0,311.0,640.0,,57.0,3.0,,,EasternMediterranean,SYR,4.804804804804805,31.131131131131127,64.06406406406407,56.95682911810988,2.7366644621314054,,8.173076923076923,11.229946524064172,93.65853658536587,37.69,Moderate
Jamaica,North America,2962478.0,958,12.0,745.0,201.0,,323.0,4.0,41840.0,14123.0,Americas,JAM,1.2526096033402923,77.76617954070981,20.981210855949893,323.3779288825098,4.050662992265259,14123.311633031537,28.365384615384613,14.973262032085561,51.707317073170735,31.68,Moderate
Malta,Europe,441663.0,946,9.0,670.0,267.0,,2142.0,20.0,136713.0,309541.0,Europe,MLT,0.9513742071881607,70.82452431289641,28.224101479915433,2141.904574302126,20.3775276624938,309541.4377025017,60.57692307692307,46.524064171122994,62.4390243902439,56.51,High
Andorra,Europe,77278.0,944,52.0,828.0,64.0,1.0,12216.0,673.0,3750.0,48526.0,Europe,AND,5.508474576271186,87.71186440677965,6.779661016949152,12215.637050648309,672.8952612645255,48526.100571960975,93.75,98.3957219251337,23.902439024390244,72.02,High
Chad,Africa,16467965.0,942,76.0,838.0,28.0,,57.0,5.0,,,Africa,TCD,8.067940552016985,88.95966029723992,2.9723991507431,57.20196757765759,4.615020738749445,,8.653846153846153,18.71657754010695,9.75609756097561,12.38,Low
Gambia,Africa,2422754.0,935,16.0,136.0,783.0,,386.0,7.0,5183.0,2139.0,Africa,GMB,1.7112299465240641,14.545454545454545,83.74331550802138,385.9244479629381,6.604054724499474,2139.3009773175486,30.76923076923077,27.27272727272727,98.53658536585365,52.19,High
Sao Tome and Principe,Africa,219544.0,878,15.0,797.0,66.0,,3999.0,68.0,3079.0,14025.0,Africa,STP,1.7084282460136675,90.7744874715262,7.517084282460136,3999.198338374085,68.3234340268921,14024.523557920053,75.96153846153845,69.5187165775401,25.365853658536587,56.95,High
Botswana,Africa,2356075.0,804,2.0,63.0,739.0,1.0,341.0,0.8,68423.0,29041.0,Africa,BWA,0.24875621890547264,7.835820895522389,91.91542288557214,341.24550364483304,0.8488694120518235,29041.09589041096,29.326923076923077,6.417112299465241,100.0,45.25,Moderate
Bahamas,North America,393616.0,761,14.0,91.0,656.0,1.0,1933.0,36.0,4814.0,12230.0,Americas,BHS,1.8396846254927726,11.957950065703022,86.2023653088042,1933.3563676273322,35.56765985122556,12230.193894557131,59.61538461538461,55.080213903743314,99.51219512195122,71.4,High
Vietnam,Asia,97425470.0,747,10.0,392.0,345.0,,8.0,0.1,482456.0,4952.0,WesternPacific,VNM,1.3386880856760375,52.47657295850067,46.1847389558233,7.667399500356529,0.10264256359245688,4952.052066056238,1.4423076923076923,1.06951871657754,81.95121951219512,28.15,Moderate
Lesotho,Africa,2143943.0,742,23.0,175.0,544.0,,346.0,11.0,8771.0,4091.0,Africa,LSO,3.0997304582210243,23.58490566037736,73.31536388140162,346.09129067330616,10.72789715025073,4091.0602567325714,29.807692307692307,35.294117647058826,97.07317073170731,54.06,High
Diamond Princess,,,712,13.0,651.0,48.0,4.0,,,,,, ,1.8258426966292134,91.43258426966293,6.741573033707865,,,,,,23.414634146341466,,Insufficient Data
San Marino,Europe,33938.0,699,42.0,657.0,0.0,,20596.0,1238.0,6068.0,178797.0,Europe,SMR,6.008583690987124,93.99141630901288,0.0,20596.381637102953,1237.5508279804349,178796.62914726854,98.5576923076923,100.0,2.9268292682926833,67.16,High
Réunion,Africa,895952.0,671,5.0,592.0,74.0,3.0,749.0,6.0,35419.0,39532.0,,REU,0.7451564828614009,88.22652757078987,11.028315946348734,748.924049502652,5.5806561065771385,39532.25172777113,43.269230769230774,21.390374331550802,31.70731707317073,32.12,Moderate
Channel Islands,Europe,174022.0,597,47.0,533.0,17.0,,3431.0,270.0,30721.0,176535.0,, ,7.872696817420436,89.27973199329983,2.8475711892797317,3430.6007286435047,270.0807943823195,176535.15072806887,71.63461538461539,89.3048128342246,8.780487804878048,56.57,High
Guyana,South America,786936.0,538,22.0,189.0,327.0,2.0,684.0,28.0,5165.0,6563.0,Americas,GUY,4.089219330855019,35.130111524163574,60.78066914498142,683.6642369900475,27.956530137139488,6563.43082537843,40.86538461538461,49.19786096256685,90.73170731707317,60.26,High
Tanzania,Africa,59886383.0,509,21.0,183.0,305.0,7.0,8.0,0.4,,,Africa,TZA,4.12573673870334,35.952848722986246,59.921414538310415,8.499427991835807,0.3506640232388054,,1.9230769230769231,3.7433155080213902,89.75609756097562,31.81,Moderate
Taiwan,Asia,23821199.0,477,7.0,443.0,27.0,,20.0,0.3,82737.0,3473.0,WesternPacific,TWN,1.4675052410901468,92.87211740041928,5.660377358490567,20.024180982661704,0.293855905405937,3473.250863653001,4.326923076923077,2.6737967914438503,20.0,9.0,Low
Comoros,Africa,871326.0,396,7.0,340.0,49.0,,454.0,8.0,,,Africa,COM,1.7676767676767675,85.85858585858585,12.373737373737374,454.47972400685853,8.033732495070732,,33.65384615384615,31.016042780748666,38.048780487804876,34.24,Moderate
Burundi,Africa,11922216.0,395,1.0,304.0,90.0,,33.0,0.08,15614.0,1310.0,Africa,BDI,0.25316455696202533,76.9620253164557,22.78481012658228,33.13142456066892,0.08387702420422512,1309.655855924771,5.769230769230769,0.53475935828877,53.65853658536586,19.99,Low
Myanmar,Asia,54446389.0,357,6.0,308.0,43.0,,7.0,0.1,122290.0,2246.0,South-EastAsia,MMR,1.680672268907563,86.27450980392157,12.044817927170868,6.556908668451823,0.11020014568826594,2246.0626360363403,0.9615384615384616,2.13903743315508,37.073170731707314,13.39,Low
Mauritius,Africa,1271985.0,344,10.0,334.0,0.0,,270.0,8.0,205285.0,161389.0,Africa,MUS,2.9069767441860463,97.09302325581395,0.0,270.4434407638455,7.861727929181555,161389.48179420354,24.519230769230766,30.481283422459892,2.9268292682926833,19.31,Low
Isle of Man,Europe,85078.0,336,24.0,312.0,0.0,,3949.0,282.0,8627.0,101401.0,,IMN,7.142857142857142,92.85714285714286,0.0,3949.317097251934,282.0940783751381,101401.06725592985,75.48076923076923,89.83957219251337,2.9268292682926833,56.08,High
Mongolia,Asia,3283344.0,293,,260.0,33.0,1.0,89.0,,38334.0,11675.0,WesternPacific,MNG,,88.73720136518772,11.262798634812286,89.2382887690111,,11675.292019355877,11.538461538461538,,33.170731707317074,,Insufficient Data
Eritrea,Africa,3551175.0,282,,225.0,57.0,,79.0,,,,Africa,ERI,,79.7872340425532,20.212765957446805,79.41033601554415,,,11.057692307692307,,49.26829268292683,,Insufficient Data
Guadeloupe,North America,400131.0,279,14.0,179.0,86.0,,697.0,35.0,18476.0,46175.0,,FRA,5.017921146953405,64.15770609318996,30.824372759856633,697.2716435367417,34.98854125273973,46174.877727544226,41.34615384615385,54.01069518716578,67.31707317073172,54.22,High
Martinique,North America,375235.0,276,15.0,98.0,163.0,1.0,736.0,40.0,12227.0,32585.0,,MTQ,5.434782608695652,35.507246376811594,59.05797101449275,735.5390621876958,39.974949031939985,32584.913454235342,42.30769230769231,57.75401069518716,89.26829268292683,63.11,High
Faeroe Islands,Europe,48882.0,266,,192.0,74.0,1.0,5442.0,,43045.0,880590.0,, ,,72.18045112781954,27.819548872180448,5441.675872509308,,880589.9922261772,82.6923076923077,,61.951219512195124,,Insufficient Data
Aruba,North America,106812.0,263,3.0,114.0,146.0,,2462.0,28.0,14047.0,131511.0,,ABW,1.1406844106463878,43.346007604562736,55.51330798479087,2462.2701569112082,28.08673182788451,131511.44066209788,62.019230769230774,49.73262032085562,88.29268292682927,66.68,High
Cambodia,Asia,16741375.0,243,,210.0,33.0,1.0,15.0,,67807.0,4050.0,WesternPacific,KHM,,86.41975308641975,13.580246913580247,14.514936795812769,,4050.264688533648,2.403846153846154,,39.51219512195122,,Insufficient Data
Trinidad and Tobago,North America,1399950.0,210,8.0,135.0,67.0,,150.0,6.0,9559.0,6828.0,Americas,TTO,3.8095238095238098,64.28571428571429,31.9047619047619,150.0053573341905,5.7144898032072575,6828.101003607272,15.865384615384615,22.459893048128343,69.26829268292683,35.86,Moderate
Cayman Islands,North America,65798.0,203,1.0,202.0,0.0,,3085.0,15.0,31108.0,472780.0,,CYM,0.49261083743842365,99.50738916256158,0.0,3085.200158059515,15.198030335268548,472780.327669534,67.78846153846155,39.57219251336899,2.9268292682926833,36.76,Moderate
Gibraltar,Europe,33690.0,190,,184.0,6.0,,5640.0,,23063.0,684565.0,,GIB,,96.84210526315789,3.1578947368421053,5639.655684179282,,684565.1528643515,84.13461538461539,,10.731707317073171,,Insufficient Data
Papua New Guinea,Australia/Oceania,8963009.0,163,3.0,53.0,107.0,,18.0,0.3,10808.0,1206.0,WesternPacific,PNG,1.8404907975460123,32.515337423312886,65.6441717791411,18.18585700404853,0.3347090246143901,1205.845046010776,3.3653846153846154,3.2085561497326207,94.6341463414634,33.74,Moderate
Sint Maarten,North America,42924.0,160,16.0,64.0,80.0,3.0,3728.0,373.0,1115.0,25976.0,,NLD,10.0,40.0,50.0,3727.5184046221225,372.75184046221233,25976.14388221042,74.51923076923077,93.04812834224599,84.8780487804878,84.15,Critical
Bermuda,North America,62254.0,157,9.0,144.0,4.0,,2522.0,145.0,26352.0,423298.0,Americas,BMU,5.7324840764331215,91.71974522292994,2.547770700636943,2521.9263019243745,144.56902367719346,423298.10132682236,62.980769230769226,81.81818181818183,7.804878048780488,50.87,High
Brunei ,Asia,437893.0,141,3.0,138.0,0.0,,322.0,7.0,41148.0,93968.0,,BRN,2.127659574468085,97.87234042553192,0.0,321.99646945715045,6.850988711854266,93968.16117179312,27.884615384615387,27.807486631016044,2.9268292682926833,19.54,Low
Barbados,North America,287411.0,133,7.0,100.0,26.0,,463.0,24.0,12233.0,42563.0,Americas,BRB,5.263157894736842,75.18796992481202,19.548872180451127,462.75194755941834,24.35536566102202,42562.74116161177,34.13461538461539,47.593582887700535,48.292682926829265,43.34,Moderate
Turks and Caicos,North America,38768.0,129,2.0,39.0,88.0,3.0,3327.0,52.0,1252.0,32295.0,,TCA,1.550387596899225,30.23255813953488,68.21705426356588,3327.486586875774,51.58893933140735,32294.676021461,70.67307692307693,63.101604278074866,95.60975609756098,76.46,Critical
Seychelles,Africa,98408.0,126,,124.0,2.0,,1280.0,,,,Africa,SYC,,98.4126984126984,1.5873015873015872,1280.3837086415738,,,53.36538461538461,,6.341463414634147,,Insufficient Data
Monaco,Europe,39270.0,125,4.0,105.0,16.0,2.0,3183.0,102.0,38209.0,972982.0,Europe,MCO,3.2,84.0,12.8,3183.091418385536,101.85892538833716,972981.9200407435,69.23076923076923,75.93582887700535,38.53658536585366,61.23,High
Bhutan,Asia,772443.0,105,,93.0,12.0,,136.0,,54589.0,70671.0,South-EastAsia,BTN,,88.57142857142857,11.428571428571429,135.93236005763532,,70670.58669701194,14.423076923076922,,34.63414634146341,,Insufficient Data
Antigua and Barbuda,North America,98010.0,92,3.0,76.0,13.0,1.0,939.0,31.0,1500.0,15305.0,Americas,ATG,3.260869565217391,82.6086956521739,14.130434782608695,938.6797265585144,30.60912151821243,15304.560759106214,48.55769230769231,52.406417112299465,40.0,46.99,Moderate
Liechtenstein,Europe,38139.0,89,1.0,85.0,3.0,,2334.0,26.0,900.0,23598.0,Europe,LIE,1.1235955056179776,95.50561797752809,3.3707865168539324,2333.56931225255,26.21987991295,23597.891921655,61.057692307692314,48.1283422459893,11.219512195121952,40.14,Moderate
Belize,North America,398312.0,86,2.0,31.0,53.0,2.0,216.0,5.0,3679.0,9236.0,Americas,BLZ,2.3255813953488373,36.04651162790697,61.627906976744185,215.9111450320352,5.021189419349655,9236.47793689369,19.230769230769234,19.786096256684495,91.70731707317074,43.57,Moderate
French Polynesia,Australia/Oceania,281072.0,64,,62.0,2.0,,228.0,,5849.0,20810.0,,PYF,,96.875,3.125,227.6996641429954,,20809.61461831844,20.673076923076923,,10.24390243902439,,Insufficient Data
St. Vincent Grenadines,North America,110976.0,56,,46.0,10.0,,505.0,,2447.0,22050.0,, ,,82.14285714285714,17.857142857142858,504.6136101499423,,22049.812572087656,36.05769230769231,,45.36585365853659,,Insufficient Data
Saint Martin,North America,38729.0,53,3.0,41.0,9.0,1.0,1368.0,77.0,1183.0,30546.0,,MAF,5.660377358490567,77.35849056603774,16.9811320754717,1368.4835652869942,77.46133388416948,30545.585994990834,55.28846153846154,71.12299465240642,44.390243902439025,56.93,High
Macao,Asia,650193.0,46,,46.0,0.0,,71.0,,4071.0,6261.0,,MAC,,100.0,0.0,70.74822398887714,,6261.217823015628,10.096153846153847,,2.9268292682926833,,Insufficient Data
Curaçao,North America,164161.0,31,1.0,28.0,2.0,,189.0,6.0,1080.0,6579.0,,NLD,3.225806451612903,90.32258064516128,6.451612903225806,188.83900561034596,6.091580826140191,6578.907292231407,17.78846153846154,24.598930481283425,22.439024390243905,21.61,Low
Fiji,Australia/Oceania,897095.0,27,1.0,18.0,8.0,,30.0,1.0,6693.0,7461.0,WesternPacific,FJI,3.7037037037037033,66.66666666666666,29.629629629629626,30.09714690194461,1.1147091445164672,7460.748304248714,5.288461538461538,7.4866310160427805,65.85365853658537,26.21,Moderate
Saint Lucia,North America,183712.0,25,,24.0,1.0,,136.0,,3895.0,21202.0,Americas,LCA,,96.0,4.0,136.0825640132381,,21201.6634732625,14.903846153846153,,12.926829268292684,,Insufficient Data
Timor-Leste,Asia,1320812.0,25,,24.0,1.0,,19.0,,4238.0,3209.0,South-EastAsia,TLS,,96.0,4.0,18.927750504992385,,3208.632265606309,3.8461538461538463,,12.926829268292684,,Insufficient Data
Grenada,North America,112576.0,24,,23.0,1.0,,213.0,,6252.0,55536.0,Americas,GRD,,95.83333333333334,4.166666666666666,213.18931210915292,,55535.81580443434,18.75,,14.634146341463413,,Insufficient Data
New Caledonia,Australia/Oceania,285769.0,22,,22.0,0.0,,77.0,,11099.0,38839.0,,NCL,,100.0,0.0,76.98525732322261,,38839.062319565805,10.576923076923077,,2.9268292682926833,,Insufficient Data
Laos,Asia,7285750.0,20,,19.0,1.0,,3.0,,29374.0,4032.0,WesternPacific, ,,95.0,5.0,2.7450845829187114,,4031.705726932711,0.4807692307692308,,18.048780487804876,,Insufficient Data
Dominica,North America,72004.0,18,,18.0,0.0,,250.0,,1005.0,13958.0,Americas,DMA,,100.0,0.0,249.98611188267316,,13957.557913449253,23.557692307692307,,2.9268292682926833,,Insufficient Data
Saint Kitts and Nevis,North America,53237.0,17,,16.0,1.0,,319.0,,1146.0,21526.0,Americas,KNA,,94.11764705882352,5.88235294117647,319.3267840036065,,21526.38202753724,27.403846153846157,,20.48780487804878,,Insufficient Data
Greenland,North America,56780.0,14,,14.0,0.0,,247.0,,5977.0,105266.0,Europe,GRL,,100.0,0.0,246.56569214512152,,105265.93871081366,23.076923076923077,,2.9268292682926833,,Insufficient Data
Montserrat,North America,4992.0,13,1.0,10.0,2.0,,2604.0,200.0,61.0,12220.0,,MSR,7.6923076923076925,76.92307692307693,15.384615384615385,2604.1666666666665,200.32051282051282,12219.551282051281,64.42307692307693,84.49197860962568,41.951219512195124,63.62,High
Caribbean Netherlands,North America,26247.0,13,,7.0,6.0,,495.0,,424.0,16154.0,, ,,53.84615384615385,46.15384615384615,495.2947003467063,,16154.227149769498,35.57692307692308,,81.46341463414633,,Insufficient Data
Falkland Islands,South America,3489.0,13,,13.0,0.0,,3726.0,,1816.0,520493.0,,FLK,,100.0,0.0,3725.995987388937,,520492.9779306392,74.03846153846155,,2.9268292682926833,,Insufficient Data
Vatican City,Europe,801.0,12,,12.0,0.0,,14981.0,,,,Europe,VAT,,100.0,0.0,14981.2734082397,,,95.67307692307693,,2.9268292682926833,,Insufficient Data
Western Sahara,Africa,598682.0,10,1.0,8.0,1.0,,17.0,2.0,,,Africa,ESH,10.0,80.0,10.0,16.703358377235325,1.670335837723533,,2.8846153846153846,8.02139037433155,28.780487804878046,13.23,Low
